{
  "$schema": "./node_modules/@angular/cli/lib/config/schema.json",
  "project": {
    "name": "foo"
  },
  "apps": [
    {
      "root": "src",
      "outDir": "dist",
      "assets": [
        "assets",
        "favicon.ico"
      ],
      "index": "index.html",
      "main": "main.ts",
      "polyfills": "polyfills.ts",
      "test": "test.ts",
      "tsconfig": "tsconfig.app.json",
      "testTsconfig": "tsconfig.spec.json",
      "prefix": "app",
      "styles": [
        "../node_modules/bootstrap/scss/bootstrap.scss",
        "../node_modules/pace-js/themes/blue/pace-theme-minimal.css",
        "../node_modules/ng2-toasty/bundles/style.css",
        "../node_modules/sweetalert2/dist/sweetalert2.min.css",
        "../node_modules/datatables.net-dt/css/jquery.dataTables.css",
        "../node_modules/selectize/dist/css/selectize.default.css",
        "../node_modules/fullcalendar/dist/fullcalendar.min.css",
        "../node_modules/nvd3/build/nv.d3.css",
        "assets/scss/app.scss"
      ],
      "scripts": [
        "../node_modules/pace-js/pace.min.js",
        "../node_modules/jquery/dist/jquery.js",
        "../node_modules/popper.js/dist/umd/popper.min.js",
        "../node_modules/bootstrap/dist/js/bootstrap.js",
        "../node_modules/datatables.net/js/jquery.dataTables.js",
        "../node_modules/ng-selectize/selectize/selectize.standalone.js",
        "../node_modules/imagesloaded/imagesloaded.pkgd.min.js",
        
        "../node_modules/jquery/dist/jquery.min.js"
      ],
      "environmentSource": "environments/environment.ts",
      "environments": {
        "dev": "environments/environment.ts",
        "prod": "environments/environment.prod.ts"
      }
    }
  ],
  "e2e": {
    "protractor": {
      "config": "./protractor.conf.js"
    }
  },
  "lint": [
    {
      "project": "src/tsconfig.app.json",
      "exclude": "**/node_modules/**"
    },
    {
      "project": "src/tsconfig.spec.json",
      "exclude": "**/node_modules/**"
    },
    {
      "project": "e2e/tsconfig.e2e.json",
      "exclude": "**/node_modules/**"
    }
  ],
  "test": {
    "karma": {
      "config": "./karma.conf.js"
    }
  },
  "defaults": {
    "styleExt": "css",
    "component": {}
  }
}
